{"cameraMode":{"drawMode":0,"name":"Shaded","section":"Shading Mode"},"sceneLighting":true,"audioPlay":false,"sceneViewState":{"showFog":true,"showMaterialUpdate":false,"showSkybox":false,"showFlares":true,"showImageEffects":true,"showParticleSystems":true},"in2DMode":false,"pivot":{"x":-0.3737373352050781,"y":-2.332077741622925,"z":-3.513874053955078},"rotation":{"x":0.0024515395052731039,"y":0.7322954535484314,"z":-0.0026382612995803358,"w":0.6809879541397095},"size":14.05384635925293,"orthographic":false}