{"cameraMode":{"drawMode":0,"name":"Shaded","section":"Shading Mode"},"sceneLighting":true,"audioPlay":false,"sceneViewState":{"showFog":true,"showMaterialUpdate":false,"showSkybox":true,"showFlares":true,"showImageEffects":true,"showParticleSystems":true},"in2DMode":false,"pivot":{"x":-38.27262496948242,"y":15.538692474365235,"z":-13.276662826538086},"rotation":{"x":-0.048329923301935199,"y":0.7969404458999634,"z":-0.06490561366081238,"w":-0.5988665223121643},"size":14.31632137298584,"orthographic":false}