{"cameraMode":{"drawMode":0,"name":"Shaded","section":"Shading Mode"},"sceneLighting":true,"audioPlay":false,"sceneViewState":{"showFog":true,"showMaterialUpdate":false,"showSkybox":false,"showFlares":true,"showImageEffects":true,"showParticleSystems":true},"in2DMode":false,"pivot":{"x":-0.21799993515014649,"y":0.40600013732910159,"z":-2.2639999389648439},"rotation":{"x":0.049486029893159869,"y":-0.7317760586738586,"z":-0.053441815078258517,"w":-0.6776549220085144},"size":12.12435531616211,"orthographic":false}